{"best_model_name": "Random Forest", "roc_auc": 0.952956027433607, "f1_dropout": 0.8662900188323918, "recall_dropout": 0.8303249097472925}